approved_at_utc,subreddit,selftext,author_fullname,saved,mod_reason_title,gilded,clicked,title,link_flair_richtext,subreddit_name_prefixed,hidden,pwls,link_flair_css_class,downs,hide_score,name,quarantine,link_flair_text_color,author_flair_background_color,subreddit_type,ups,total_awards_received,media_embed,author_flair_template_id,is_original_content,user_reports,secure_media,is_reddit_media_domain,is_meta,category,secure_media_embed,link_flair_text,can_mod_post,score,approved_by,author_premium,thumbnail,edited,author_flair_css_class,author_flair_richtext,gildings,content_categories,is_self,mod_note,created,link_flair_type,wls,removed_by_category,banned_by,author_flair_type,domain,allow_live_comments,selftext_html,likes,suggested_sort,banned_at_utc,view_count,archived,no_follow,is_crosspostable,pinned,over_18,all_awardings,awarders,media_only,link_flair_template_id,can_gild,spoiler,locked,author_flair_text,visited,removed_by,num_reports,distinguished,subreddit_id,mod_reason_by,removal_reason,link_flair_background_color,id,is_robot_indexable,report_reasons,author,discussion_type,num_comments,send_replies,whitelist_status,contest_mode,mod_reports,author_patreon_flair,author_flair_text_color,permalink,parent_whitelist_status,stickied,url,subreddit_subscribers,created_utc,num_crossposts,media,is_video
,OutOfTheLoop,"
This thread is for everyone to suggest questions to add to the [Big List of Retired Questions (BLORQ)](https://www.reddit.com/r/OutOfTheLoop/w/index/retired_questions) in the sidebar.

Retired questions are questions that have a very good answer already, and have been asked frequently enough that it's time to retire them.

If you'd like to add a question to the BLORQ, add it here, and link to a thread that provides a solid answer for the question. For example:

Question: What's the ""Ol' Reddit Switcharoo""?

Answer: https://www.reddit.com/r/OutOfTheLoop/comments/1jwxkh/whats_the_ol_reddit_switcharoo/cbj35pc/

Thanks!",t2_6l4z3,False,,0,False,"Monthly Retired Questions suggestion thread - January 16, 2020","[{'a': ':question:', 'e': 'emoji', 'u': 'https://emoji.redditmedia.com/geschjt6ij221_t5_2xinb/question'}, {'e': 'text', 't': ' Unanswered'}]",r/OutOfTheLoop,False,6,flair z,0,False,t3_epkr59,False,light,,public,26,0,{},,False,[],,False,False,,{},:question: Unanswered,False,26,,True,,False,,[],{},,True,,1579217097.0,richtext,6,,,text,self.OutOfTheLoop,False,"&lt;!-- SC_OFF --&gt;&lt;div class=""md""&gt;&lt;p&gt;This thread is for everyone to suggest questions to add to the &lt;a href=""https://www.reddit.com/r/OutOfTheLoop/w/index/retired_questions""&gt;Big List of Retired Questions (BLORQ)&lt;/a&gt; in the sidebar.&lt;/p&gt;

&lt;p&gt;Retired questions are questions that have a very good answer already, and have been asked frequently enough that it&amp;#39;s time to retire them.&lt;/p&gt;

&lt;p&gt;If you&amp;#39;d like to add a question to the BLORQ, add it here, and link to a thread that provides a solid answer for the question. For example:&lt;/p&gt;

&lt;p&gt;Question: What&amp;#39;s the &amp;quot;Ol&amp;#39; Reddit Switcharoo&amp;quot;?&lt;/p&gt;

&lt;p&gt;Answer: &lt;a href=""https://www.reddit.com/r/OutOfTheLoop/comments/1jwxkh/whats_the_ol_reddit_switcharoo/cbj35pc/""&gt;https://www.reddit.com/r/OutOfTheLoop/comments/1jwxkh/whats_the_ol_reddit_switcharoo/cbj35pc/&lt;/a&gt;&lt;/p&gt;

&lt;p&gt;Thanks!&lt;/p&gt;
&lt;/div&gt;&lt;!-- SC_ON --&gt;",,confidence,,,False,True,False,False,False,[],[],False,2ef3746c-d246-11e2-be2c-12313d163d8f,False,False,False,,False,,,moderator,t5_2xinb,,,#9a5259,epkr59,True,,AutoModerator,,1,False,all_ads,False,[],False,,/r/OutOfTheLoop/comments/epkr59/monthly_retired_questions_suggestion_thread/,all_ads,True,https://www.reddit.com/r/OutOfTheLoop/comments/epkr59/monthly_retired_questions_suggestion_thread/,1625741,1579188297.0,0,,False
,OutOfTheLoop,"The first few results are the President's picture. Was told by my housekeepers to input the search and see what comes up; apparently it's something on Facebook, but I don't have an account.

http://imgur.com/a/9kmWLTl",t2_11rmzj,False,,0,False,"What is going on with the search term ""untreated syphilis"" coming up with Donald Trump's picture?","[{'e': 'text', 't': 'Answered'}]",r/OutOfTheLoop,False,6,c,0,False,t3_evqsz3,False,light,,public,8728,1,{},,False,[],,False,False,,{},Answered,False,8728,,True,,False,,[],{},,True,,1580351142.0,richtext,6,,,text,self.OutOfTheLoop,True,"&lt;!-- SC_OFF --&gt;&lt;div class=""md""&gt;&lt;p&gt;The first few results are the President&amp;#39;s picture. Was told by my housekeepers to input the search and see what comes up; apparently it&amp;#39;s something on Facebook, but I don&amp;#39;t have an account.&lt;/p&gt;

&lt;p&gt;&lt;a href=""http://imgur.com/a/9kmWLTl""&gt;http://imgur.com/a/9kmWLTl&lt;/a&gt;&lt;/p&gt;
&lt;/div&gt;&lt;!-- SC_ON --&gt;",,confidence,,,False,False,False,False,False,"[{'count': 1, 'is_enabled': True, 'subreddit_id': None, 'description': 'Historical anomaly - greatest in eternity. Gives the author a week of Reddit Premium and %{coin_symbol}100 Coins.', 'end_date': None, 'award_sub_type': 'GLOBAL', 'coin_reward': 100, 'icon_url': 'https://i.redd.it/award_images/t5_22cerq/x52x5be57fd41_GOAT.png', 'days_of_premium': 7, 'is_new': False, 'id': 'award_cc299d65-77de-4828-89de-708b088349a0', 'icon_height': 2048, 'resized_icons': [{'url': 'https://preview.redd.it/award_images/t5_22cerq/x52x5be57fd41_GOAT.png?width=16&amp;height=16&amp;auto=webp&amp;s=65edcad28bb61e02c98f6e5abae94570f15577af', 'width': 16, 'height': 16}, {'url': 'https://preview.redd.it/award_images/t5_22cerq/x52x5be57fd41_GOAT.png?width=32&amp;height=32&amp;auto=webp&amp;s=ade31fce9fae3cd026513278fd6d8f43a2470473', 'width': 32, 'height': 32}, {'url': 'https://preview.redd.it/award_images/t5_22cerq/x52x5be57fd41_GOAT.png?width=48&amp;height=48&amp;auto=webp&amp;s=4a6669f710a159e308d70a09ad5d91bf26576801', 'width': 48, 'height': 48}, {'url': 'https://preview.redd.it/award_images/t5_22cerq/x52x5be57fd41_GOAT.png?width=64&amp;height=64&amp;auto=webp&amp;s=6411ff24501a3c9ab1ba1fcc56e111e2897ed4f6', 'width': 64, 'height': 64}, {'url': 'https://preview.redd.it/award_images/t5_22cerq/x52x5be57fd41_GOAT.png?width=128&amp;height=128&amp;auto=webp&amp;s=161171b7b4aadddcf4bd0b258229c95cbf461625', 'width': 128, 'height': 128}], 'days_of_drip_extension': 0, 'award_type': 'global', 'start_date': None, 'coin_price': 500, 'icon_width': 2048, 'subreddit_coin_reward': 0, 'name': 'GOAT'}]",['Bohappa'],False,19744c56-d246-11e2-a879-12313d2c1c24,False,False,False,,False,,,,t5_2xinb,,,#2d4351,evqsz3,True,,booksketeer,,559,True,all_ads,False,[],False,,/r/OutOfTheLoop/comments/evqsz3/what_is_going_on_with_the_search_term_untreated/,all_ads,False,https://www.reddit.com/r/OutOfTheLoop/comments/evqsz3/what_is_going_on_with_the_search_term_untreated/,1625741,1580322342.0,0,,False
,OutOfTheLoop,"It happens every few posts I browse. Some examples:


https://www.reddit.com/r/confidentlyincorrect/comments/ev6sqx/shes_not_into_you_bro/?utm_source=share&amp;utm_medium=ios_app&amp;utm_name=iossmf


https://www.reddit.com/r/techsupport/comments/ev76tf/my_computer_randomly_reboots_when_playing_games/?utm_source=share&amp;utm_medium=ios_app&amp;utm_name=iossmf",t2_10lupn,False,,0,False,What’s up with Reddit and duplicating comments?,"[{'a': ':answered:', 'e': 'emoji', 'u': 'https://emoji.redditmedia.com/lql05zf7ij221_t5_2xinb/answered'}, {'e': 'text', 't': ' Answered'}]",r/OutOfTheLoop,False,6,c,0,False,t3_ev8qa4,False,light,,public,2895,0,{},,False,[],,False,False,,{},:answered: Answered,False,2895,,False,,False,,[],{},,True,,1580262349.0,richtext,6,,,text,self.OutOfTheLoop,True,"&lt;!-- SC_OFF --&gt;&lt;div class=""md""&gt;&lt;p&gt;It happens every few posts I browse. Some examples:&lt;/p&gt;

&lt;p&gt;&lt;a href=""https://www.reddit.com/r/confidentlyincorrect/comments/ev6sqx/shes_not_into_you_bro/?utm_source=share&amp;amp;utm_medium=ios_app&amp;amp;utm_name=iossmf""&gt;https://www.reddit.com/r/confidentlyincorrect/comments/ev6sqx/shes_not_into_you_bro/?utm_source=share&amp;amp;utm_medium=ios_app&amp;amp;utm_name=iossmf&lt;/a&gt;&lt;/p&gt;

&lt;p&gt;&lt;a href=""https://www.reddit.com/r/techsupport/comments/ev76tf/my_computer_randomly_reboots_when_playing_games/?utm_source=share&amp;amp;utm_medium=ios_app&amp;amp;utm_name=iossmf""&gt;https://www.reddit.com/r/techsupport/comments/ev76tf/my_computer_randomly_reboots_when_playing_games/?utm_source=share&amp;amp;utm_medium=ios_app&amp;amp;utm_name=iossmf&lt;/a&gt;&lt;/p&gt;
&lt;/div&gt;&lt;!-- SC_ON --&gt;",,confidence,,,False,False,False,False,False,[],[],False,19744c56-d246-11e2-a879-12313d2c1c24,False,False,False,,False,,,,t5_2xinb,,,#2d4351,ev8qa4,True,,Lotrfanatic8,,194,True,all_ads,False,[],False,,/r/OutOfTheLoop/comments/ev8qa4/whats_up_with_reddit_and_duplicating_comments/,all_ads,False,https://www.reddit.com/r/OutOfTheLoop/comments/ev8qa4/whats_up_with_reddit_and_duplicating_comments/,1625741,1580233549.0,0,,False
,OutOfTheLoop,Seeing comments on Prozd's [latest video](https://www.youtube.com/watch?v=gI5E1DDnNA8) about some Joker stuff and many are upset at him.,t2_lcw61,False,,0,False,What's going on with Prozd and Joaquin Phoenix?,"[{'a': ':question:', 'e': 'emoji', 'u': 'https://emoji.redditmedia.com/geschjt6ij221_t5_2xinb/question'}, {'e': 'text', 't': ' Unanswered'}]",r/OutOfTheLoop,False,6,flair z,0,False,t3_evoo40,False,light,,public,34,0,{},,False,[],,False,False,,{},:question: Unanswered,False,34,,False,,False,,[],{},,True,,1580342051.0,richtext,6,,,text,self.OutOfTheLoop,False,"&lt;!-- SC_OFF --&gt;&lt;div class=""md""&gt;&lt;p&gt;Seeing comments on Prozd&amp;#39;s &lt;a href=""https://www.youtube.com/watch?v=gI5E1DDnNA8""&gt;latest video&lt;/a&gt; about some Joker stuff and many are upset at him.&lt;/p&gt;
&lt;/div&gt;&lt;!-- SC_ON --&gt;",,confidence,,,False,False,False,False,False,[],[],False,2ef3746c-d246-11e2-be2c-12313d163d8f,False,False,False,,False,,,,t5_2xinb,,,#9a5259,evoo40,True,,Valenstein,,15,True,all_ads,False,[],False,,/r/OutOfTheLoop/comments/evoo40/whats_going_on_with_prozd_and_joaquin_phoenix/,all_ads,False,https://www.reddit.com/r/OutOfTheLoop/comments/evoo40/whats_going_on_with_prozd_and_joaquin_phoenix/,1625741,1580313251.0,0,,False
,OutOfTheLoop,"Here's an example: https://youtu.be/nO8w10RUEkA

They come in my recommended and many different creators do it. Most of them are like the linked one, short little animations in sync to a song. There's nothing wrong with them, I actually like them, it just seems weird that they have (meme) written in the title when they're very clearly not memes.",t2_1vt06wwp,False,,0,False,What's up with YouTube animators placing (meme) in all their titles now?,"[{'a': ':question:', 'e': 'emoji', 'u': 'https://emoji.redditmedia.com/geschjt6ij221_t5_2xinb/question'}, {'e': 'text', 't': ' Unanswered'}]",r/OutOfTheLoop,False,6,flair z,0,True,t3_ew3951,False,light,,public,0,0,{},,False,[],,False,False,,{},:question: Unanswered,False,0,,False,,False,,[],{},,True,,1580408183.0,richtext,6,,,text,self.OutOfTheLoop,False,"&lt;!-- SC_OFF --&gt;&lt;div class=""md""&gt;&lt;p&gt;Here&amp;#39;s an example: &lt;a href=""https://youtu.be/nO8w10RUEkA""&gt;https://youtu.be/nO8w10RUEkA&lt;/a&gt;&lt;/p&gt;

&lt;p&gt;They come in my recommended and many different creators do it. Most of them are like the linked one, short little animations in sync to a song. There&amp;#39;s nothing wrong with them, I actually like them, it just seems weird that they have (meme) written in the title when they&amp;#39;re very clearly not memes.&lt;/p&gt;
&lt;/div&gt;&lt;!-- SC_ON --&gt;",,confidence,,,False,True,False,False,False,[],[],False,2ef3746c-d246-11e2-be2c-12313d163d8f,False,False,False,,False,,,,t5_2xinb,,,#9a5259,ew3951,True,,Bdudud,,2,True,all_ads,False,[],False,,/r/OutOfTheLoop/comments/ew3951/whats_up_with_youtube_animators_placing_meme_in/,all_ads,False,https://www.reddit.com/r/OutOfTheLoop/comments/ew3951/whats_up_with_youtube_animators_placing_meme_in/,1625741,1580379383.0,0,,False
,OutOfTheLoop,I see them pop up on food subreddits about once a week (an example from yesterday: https://i.redd.it/zhvmc68iitd41.jpg). Aren't they just regular patties that are flattened with a spatula instead of with your hands? What makes them special?,t2_6sggho9,False,,0,False,What's the deal with smash burgers? Why are they popular right now?,"[{'a': ':question:', 'e': 'emoji', 'u': 'https://emoji.redditmedia.com/geschjt6ij221_t5_2xinb/question'}, {'e': 'text', 't': ' Unanswered'}]",r/OutOfTheLoop,False,6,flair z,0,False,t3_ew2yq1,False,light,,public,1,0,{},,False,[],,False,False,,{},:question: Unanswered,False,1,,False,,False,,[],{},,True,,1580406358.0,richtext,6,,,text,self.OutOfTheLoop,False,"&lt;!-- SC_OFF --&gt;&lt;div class=""md""&gt;&lt;p&gt;I see them pop up on food subreddits about once a week (an example from yesterday: &lt;a href=""https://i.redd.it/zhvmc68iitd41.jpg""&gt;https://i.redd.it/zhvmc68iitd41.jpg&lt;/a&gt;). Aren&amp;#39;t they just regular patties that are flattened with a spatula instead of with your hands? What makes them special?&lt;/p&gt;
&lt;/div&gt;&lt;!-- SC_ON --&gt;",,confidence,,,False,True,False,False,False,[],[],False,2ef3746c-d246-11e2-be2c-12313d163d8f,False,False,False,,False,,,,t5_2xinb,,,#9a5259,ew2yq1,True,,_AquaFractalyne_,,6,True,all_ads,False,[],False,,/r/OutOfTheLoop/comments/ew2yq1/whats_the_deal_with_smash_burgers_why_are_they/,all_ads,False,https://www.reddit.com/r/OutOfTheLoop/comments/ew2yq1/whats_the_deal_with_smash_burgers_why_are_they/,1625741,1580377558.0,0,,False
,OutOfTheLoop,"I saw someone comment that people who use tiktok don't deserve to be considered human. I took a screenshot and posted it to r/trashy as I found pretty trashy to talk about people like if they were subhuman just for their social media of preference. After that, I get downvoted to hell and get tons of hate comments telling me that they, in fact can't be considered human, that they are the filth of society, etc.

What i don't understand is why do people hate TikTok so much, in what seems like a serious way?

https://www.reddit.com/r/trashy/comments/euws21/i_dont_like_a_social_media_so_the_people_who_use/?utm_medium=android_app&amp;utm_source=share",t2_3cn26t0o,False,,0,False,What's the deal with people on reddit hating TikTok so much?,"[{'a': ':question:', 'e': 'emoji', 'u': 'https://emoji.redditmedia.com/geschjt6ij221_t5_2xinb/question'}, {'e': 'text', 't': ' Unanswered '}]",r/OutOfTheLoop,False,6,a,0,False,t3_evuivr,False,light,,public,5,0,{},,False,[],,False,False,,{},:question: Unanswered ,False,5,,True,,False,,[],{},,True,,1580365618.0,richtext,6,,,text,self.OutOfTheLoop,False,"&lt;!-- SC_OFF --&gt;&lt;div class=""md""&gt;&lt;p&gt;I saw someone comment that people who use tiktok don&amp;#39;t deserve to be considered human. I took a screenshot and posted it to &lt;a href=""/r/trashy""&gt;r/trashy&lt;/a&gt; as I found pretty trashy to talk about people like if they were subhuman just for their social media of preference. After that, I get downvoted to hell and get tons of hate comments telling me that they, in fact can&amp;#39;t be considered human, that they are the filth of society, etc.&lt;/p&gt;

&lt;p&gt;What i don&amp;#39;t understand is why do people hate TikTok so much, in what seems like a serious way?&lt;/p&gt;

&lt;p&gt;&lt;a href=""https://www.reddit.com/r/trashy/comments/euws21/i_dont_like_a_social_media_so_the_people_who_use/?utm_medium=android_app&amp;amp;utm_source=share""&gt;https://www.reddit.com/r/trashy/comments/euws21/i_dont_like_a_social_media_so_the_people_who_use/?utm_medium=android_app&amp;amp;utm_source=share&lt;/a&gt;&lt;/p&gt;
&lt;/div&gt;&lt;!-- SC_ON --&gt;",,confidence,,,False,False,False,False,False,[],[],False,2ef3746c-d246-11e2-be2c-12313d163d8f,False,False,False,,False,,,,t5_2xinb,,,#9a5259,evuivr,True,,thealterlion,,21,True,all_ads,False,[],False,,/r/OutOfTheLoop/comments/evuivr/whats_the_deal_with_people_on_reddit_hating/,all_ads,False,https://www.reddit.com/r/OutOfTheLoop/comments/evuivr/whats_the_deal_with_people_on_reddit_hating/,1625741,1580336818.0,0,,False
,OutOfTheLoop,[This](https://www.reddit.com/r/me_irl/comments/evpipr/me_irl/?utm_medium=android_app&amp;utm_source=share) has been Spammed like crazy on Reddit today and I've no idea why...,t2_2k3kagov,False,,0,False,What's the deal with the wednesday frog meme Spam today?,"[{'a': ':question:', 'e': 'emoji', 'u': 'https://emoji.redditmedia.com/geschjt6ij221_t5_2xinb/question'}, {'e': 'text', 't': ' Unanswered'}]",r/OutOfTheLoop,False,6,flair z,0,False,t3_evutw5,False,light,,public,6,0,{},,False,[],,False,False,,{},:question: Unanswered,False,6,,False,,False,,[],{},,True,,1580366788.0,richtext,6,,,text,self.OutOfTheLoop,False,"&lt;!-- SC_OFF --&gt;&lt;div class=""md""&gt;&lt;p&gt;&lt;a href=""https://www.reddit.com/r/me_irl/comments/evpipr/me_irl/?utm_medium=android_app&amp;amp;utm_source=share""&gt;This&lt;/a&gt; has been Spammed like crazy on Reddit today and I&amp;#39;ve no idea why...&lt;/p&gt;
&lt;/div&gt;&lt;!-- SC_ON --&gt;",,confidence,,,False,True,False,False,False,[],[],False,2ef3746c-d246-11e2-be2c-12313d163d8f,False,False,False,,False,,,,t5_2xinb,,,#9a5259,evutw5,True,,everygreenlight,,13,True,all_ads,False,[],False,,/r/OutOfTheLoop/comments/evutw5/whats_the_deal_with_the_wednesday_frog_meme_spam/,all_ads,False,https://www.reddit.com/r/OutOfTheLoop/comments/evutw5/whats_the_deal_with_the_wednesday_frog_meme_spam/,1625741,1580337988.0,0,,False
,OutOfTheLoop,"I am relatively brand new to reddit and recently saw a big ""trial"" type post about a user who was hosting a giveaway for game keys - https://www.reddit.com/r/KarmaCourt/comments/erf5is/the_people_of_reddit_vs_uiamareddituserama_for/?utm_medium=android_app&amp;utm_source=share

at the end of it the creator gave them nothing a got a ton of karma and some gold/platinum/etc out of it. what makes these things valuable enough in the reddit community people are scamming to get them? Sorry if this is all stupid it just seems really confusing to me.",t2_5hzl7d6k,False,,0,False,"What's going on with reddit karma, upvotes, gold, etc?","[{'a': ':question:', 'e': 'emoji', 'u': 'https://emoji.redditmedia.com/geschjt6ij221_t5_2xinb/question'}, {'e': 'text', 't': ' Unanswered '}]",r/OutOfTheLoop,False,6,a,0,False,t3_ew13e4,False,light,,public,0,0,{},,False,[],,False,False,,{},:question: Unanswered ,False,0,,False,,False,,[],{},,True,,1580394553.0,richtext,6,,,text,self.OutOfTheLoop,False,"&lt;!-- SC_OFF --&gt;&lt;div class=""md""&gt;&lt;p&gt;I am relatively brand new to reddit and recently saw a big &amp;quot;trial&amp;quot; type post about a user who was hosting a giveaway for game keys - &lt;a href=""https://www.reddit.com/r/KarmaCourt/comments/erf5is/the_people_of_reddit_vs_uiamareddituserama_for/?utm_medium=android_app&amp;amp;utm_source=share""&gt;https://www.reddit.com/r/KarmaCourt/comments/erf5is/the_people_of_reddit_vs_uiamareddituserama_for/?utm_medium=android_app&amp;amp;utm_source=share&lt;/a&gt;&lt;/p&gt;

&lt;p&gt;at the end of it the creator gave them nothing a got a ton of karma and some gold/platinum/etc out of it. what makes these things valuable enough in the reddit community people are scamming to get them? Sorry if this is all stupid it just seems really confusing to me.&lt;/p&gt;
&lt;/div&gt;&lt;!-- SC_ON --&gt;",,confidence,,,False,True,False,False,False,[],[],False,2ef3746c-d246-11e2-be2c-12313d163d8f,False,False,False,,False,,,,t5_2xinb,,,#9a5259,ew13e4,True,,havocsedge,,3,True,all_ads,False,[],False,,/r/OutOfTheLoop/comments/ew13e4/whats_going_on_with_reddit_karma_upvotes_gold_etc/,all_ads,False,https://www.reddit.com/r/OutOfTheLoop/comments/ew13e4/whats_going_on_with_reddit_karma_upvotes_gold_etc/,1625741,1580365753.0,0,,False
,OutOfTheLoop,"I see this phrase, is it from a book / tv show or just something people decided to start saying online?

Eg https://www.reddit.com/r/teenagers/comments/bki9al/being_lgbt_is_not_a_personality/",t2_sl3k6,False,,0,False,What’s the deal with “X is not a personality”?,"[{'a': ':question:', 'e': 'emoji', 'u': 'https://emoji.redditmedia.com/geschjt6ij221_t5_2xinb/question'}, {'e': 'text', 't': ' Unanswered'}]",r/OutOfTheLoop,False,6,flair z,0,False,t3_ev2q56,False,light,,public,1219,0,{},,False,[],,False,False,,{},:question: Unanswered,False,1219,,False,,False,,[],{},,True,,1580227947.0,richtext,6,,,text,self.OutOfTheLoop,True,"&lt;!-- SC_OFF --&gt;&lt;div class=""md""&gt;&lt;p&gt;I see this phrase, is it from a book / tv show or just something people decided to start saying online?&lt;/p&gt;

&lt;p&gt;Eg &lt;a href=""https://www.reddit.com/r/teenagers/comments/bki9al/being_lgbt_is_not_a_personality/""&gt;https://www.reddit.com/r/teenagers/comments/bki9al/being_lgbt_is_not_a_personality/&lt;/a&gt;&lt;/p&gt;
&lt;/div&gt;&lt;!-- SC_ON --&gt;",,confidence,,,False,False,False,False,False,[],[],False,2ef3746c-d246-11e2-be2c-12313d163d8f,False,False,False,,False,,,,t5_2xinb,,,#9a5259,ev2q56,True,,Lttlefoot,,376,True,all_ads,False,[],False,,/r/OutOfTheLoop/comments/ev2q56/whats_the_deal_with_x_is_not_a_personality/,all_ads,False,https://www.reddit.com/r/OutOfTheLoop/comments/ev2q56/whats_the_deal_with_x_is_not_a_personality/,1625741,1580199147.0,0,,False
,OutOfTheLoop,"They say he raped a 19-year-old hotel employee in 2003 but wasn't it generally agreed that it turned out to be adulterous, consensual, rough sex? At least that's how I remembered it back then and I was pretty sure there was some sketchiness from the accuser's side. Anyway, here's a wiki article on the case:  [https://en.wikipedia.org/wiki/Kobe\_Bryant\_sexual\_assault\_case](https://en.wikipedia.org/wiki/Kobe_Bryant_sexual_assault_case)   


Yet, I still feel out of the loop now that this old, seemingly settled case reared its ugly head in the wake of his untimely death. What are we missing here?",t2_3xilqmul,False,,0,False,What's up with certain media outlets and celebrities calling out the recently deceased Kobe Bryant as a rapist?,"[{'a': ':answered:', 'e': 'emoji', 'u': 'https://emoji.redditmedia.com/lql05zf7ij221_t5_2xinb/answered'}, {'e': 'text', 't': ' Answered'}]",r/OutOfTheLoop,False,6,c,0,False,t3_ew1hjz,False,light,,public,0,0,{},,False,[],,False,False,,{},:answered: Answered,False,0,,False,,False,,[],{},,True,,1580396787.0,richtext,6,,,text,self.OutOfTheLoop,False,"&lt;!-- SC_OFF --&gt;&lt;div class=""md""&gt;&lt;p&gt;They say he raped a 19-year-old hotel employee in 2003 but wasn&amp;#39;t it generally agreed that it turned out to be adulterous, consensual, rough sex? At least that&amp;#39;s how I remembered it back then and I was pretty sure there was some sketchiness from the accuser&amp;#39;s side. Anyway, here&amp;#39;s a wiki article on the case:  &lt;a href=""https://en.wikipedia.org/wiki/Kobe_Bryant_sexual_assault_case""&gt;https://en.wikipedia.org/wiki/Kobe_Bryant_sexual_assault_case&lt;/a&gt;   &lt;/p&gt;

&lt;p&gt;Yet, I still feel out of the loop now that this old, seemingly settled case reared its ugly head in the wake of his untimely death. What are we missing here?&lt;/p&gt;
&lt;/div&gt;&lt;!-- SC_ON --&gt;",,confidence,,,False,True,False,False,False,[],[],False,19744c56-d246-11e2-a879-12313d2c1c24,False,False,False,,False,,,,t5_2xinb,,,#2d4351,ew1hjz,True,,UneasyControversy,,7,True,all_ads,False,[],False,,/r/OutOfTheLoop/comments/ew1hjz/whats_up_with_certain_media_outlets_and/,all_ads,False,https://www.reddit.com/r/OutOfTheLoop/comments/ew1hjz/whats_up_with_certain_media_outlets_and/,1625741,1580367987.0,0,,False
,OutOfTheLoop,"I’ve seen articles that explain the process, like this: https://www.theatlantic.com/ideas/archive/2020/01/impeachment-trial-without-witnesses-would-be-unconstitutional/605332/
But none that explain the reasoning.

Could someone just explain to me in simple terms (that are as unbiased as possible) the rational argument that is being made that witnesses should not be allowed to testify? I don’t want a rant about how horrible one side is vs. the other - I just want to know what justification each side is using.",t2_hef9n,False,,0,False,What’s the deal with Republicans arguing that there should not be witnesses at the impeachment trial?,"[{'a': ':answered:', 'e': 'emoji', 'u': 'https://emoji.redditmedia.com/lql05zf7ij221_t5_2xinb/answered'}, {'e': 'text', 't': ' Answered'}]",r/OutOfTheLoop,False,6,c,0,False,t3_ev9qd4,False,light,,public,143,0,{},,False,[],,False,False,,{},:answered: Answered,False,143,,False,,False,,[],{},,True,,1580266551.0,richtext,6,,,text,self.OutOfTheLoop,False,"&lt;!-- SC_OFF --&gt;&lt;div class=""md""&gt;&lt;p&gt;I’ve seen articles that explain the process, like this: &lt;a href=""https://www.theatlantic.com/ideas/archive/2020/01/impeachment-trial-without-witnesses-would-be-unconstitutional/605332/""&gt;https://www.theatlantic.com/ideas/archive/2020/01/impeachment-trial-without-witnesses-would-be-unconstitutional/605332/&lt;/a&gt;
But none that explain the reasoning.&lt;/p&gt;

&lt;p&gt;Could someone just explain to me in simple terms (that are as unbiased as possible) the rational argument that is being made that witnesses should not be allowed to testify? I don’t want a rant about how horrible one side is vs. the other - I just want to know what justification each side is using.&lt;/p&gt;
&lt;/div&gt;&lt;!-- SC_ON --&gt;",,confidence,,,False,False,False,False,False,[],[],False,19744c56-d246-11e2-a879-12313d2c1c24,False,False,False,,False,,,,t5_2xinb,,,#2d4351,ev9qd4,True,,leftcrow,,56,True,all_ads,False,[],False,,/r/OutOfTheLoop/comments/ev9qd4/whats_the_deal_with_republicans_arguing_that/,all_ads,False,https://www.reddit.com/r/OutOfTheLoop/comments/ev9qd4/whats_the_deal_with_republicans_arguing_that/,1625741,1580237751.0,0,,False
,OutOfTheLoop,https://imgur.com/a/7YUsNwO,t2_9vyu4,False,,0,False,What's up with John Cena posting random pictures on his Instagram?,"[{'a': ':answered:', 'e': 'emoji', 'u': 'https://emoji.redditmedia.com/lql05zf7ij221_t5_2xinb/answered'}, {'e': 'text', 't': ' Answered'}]",r/OutOfTheLoop,False,6,c,0,False,t3_evt1b2,False,light,,public,1,0,{},,False,[],,False,False,,{},:answered: Answered,False,1,,True,,False,,[],{},,True,,1580359857.0,richtext,6,,,text,self.OutOfTheLoop,False,"&lt;!-- SC_OFF --&gt;&lt;div class=""md""&gt;&lt;p&gt;&lt;a href=""https://imgur.com/a/7YUsNwO""&gt;https://imgur.com/a/7YUsNwO&lt;/a&gt;&lt;/p&gt;
&lt;/div&gt;&lt;!-- SC_ON --&gt;",,confidence,,,False,True,False,False,False,[],[],False,19744c56-d246-11e2-a879-12313d2c1c24,False,False,False,,False,,,,t5_2xinb,,,#2d4351,evt1b2,True,,flimspringfield,,3,True,all_ads,False,[],False,,/r/OutOfTheLoop/comments/evt1b2/whats_up_with_john_cena_posting_random_pictures/,all_ads,False,https://www.reddit.com/r/OutOfTheLoop/comments/evt1b2/whats_up_with_john_cena_posting_random_pictures/,1625741,1580331057.0,0,,False
,OutOfTheLoop,"
https://twitter.com/teapainusa/status/1221927186757832705?s=21

Was it just a rhetorical “If Trump deserves this than Obama should’ve been impeached too” sort of thing? Does anyone have a specific quote or video?",t2_1weord3h,False,,0,False,Why are people talking about Trump’s defense team calling for Obama’s impeachment?,"[{'a': ':answered:', 'e': 'emoji', 'u': 'https://emoji.redditmedia.com/lql05zf7ij221_t5_2xinb/answered'}, {'e': 'text', 't': ' Answered'}]",r/OutOfTheLoop,False,6,c,0,False,t3_evid22,False,light,,public,12,0,{},,False,[],,False,False,,{},:answered: Answered,False,12,,True,,False,,[],{},,True,,1580303894.0,richtext,6,,,text,self.OutOfTheLoop,False,"&lt;!-- SC_OFF --&gt;&lt;div class=""md""&gt;&lt;p&gt;&lt;a href=""https://twitter.com/teapainusa/status/1221927186757832705?s=21""&gt;https://twitter.com/teapainusa/status/1221927186757832705?s=21&lt;/a&gt;&lt;/p&gt;

&lt;p&gt;Was it just a rhetorical “If Trump deserves this than Obama should’ve been impeached too” sort of thing? Does anyone have a specific quote or video?&lt;/p&gt;
&lt;/div&gt;&lt;!-- SC_ON --&gt;",,confidence,,,False,False,False,False,False,[],[],False,19744c56-d246-11e2-a879-12313d2c1c24,False,False,False,,False,,,,t5_2xinb,,,#2d4351,evid22,True,,LDGod99,,22,True,all_ads,False,[],False,,/r/OutOfTheLoop/comments/evid22/why_are_people_talking_about_trumps_defense_team/,all_ads,False,https://www.reddit.com/r/OutOfTheLoop/comments/evid22/why_are_people_talking_about_trumps_defense_team/,1625741,1580275094.0,0,,False
,OutOfTheLoop,"I've been hearing about this book that's supposed to be a sensationalized tale of immigrant life. Reviews have greatly ranged from positive to extremely negative. What's going on? 


https://www.cbsnews.com/news/oprahs-book-club-american-dirt-by-jeanine-cummins-revealed-as-latest-pick-on-cbs-this-morning/




https://www.usatoday.com/story/entertainment/books/2020/01/21/american-dirt-jeanine-cummins-book-review-mexican-migrant/4497859002/",t2_f3wu8,False,,0,False,"What's going on with the book ""American Dirt""?","[{'a': ':answered:', 'e': 'emoji', 'u': 'https://emoji.redditmedia.com/lql05zf7ij221_t5_2xinb/answered'}, {'e': 'text', 't': ' Answered'}]",r/OutOfTheLoop,False,6,c,0,False,t3_evfhmx,False,light,,public,20,0,{},,False,[],,False,False,,{},:answered: Answered,False,20,,False,,False,,[],{},,True,,1580289994.0,richtext,6,,,text,self.OutOfTheLoop,False,"&lt;!-- SC_OFF --&gt;&lt;div class=""md""&gt;&lt;p&gt;I&amp;#39;ve been hearing about this book that&amp;#39;s supposed to be a sensationalized tale of immigrant life. Reviews have greatly ranged from positive to extremely negative. What&amp;#39;s going on? &lt;/p&gt;

&lt;p&gt;&lt;a href=""https://www.cbsnews.com/news/oprahs-book-club-american-dirt-by-jeanine-cummins-revealed-as-latest-pick-on-cbs-this-morning/""&gt;https://www.cbsnews.com/news/oprahs-book-club-american-dirt-by-jeanine-cummins-revealed-as-latest-pick-on-cbs-this-morning/&lt;/a&gt;&lt;/p&gt;

&lt;p&gt;&lt;a href=""https://www.usatoday.com/story/entertainment/books/2020/01/21/american-dirt-jeanine-cummins-book-review-mexican-migrant/4497859002/""&gt;https://www.usatoday.com/story/entertainment/books/2020/01/21/american-dirt-jeanine-cummins-book-review-mexican-migrant/4497859002/&lt;/a&gt;&lt;/p&gt;
&lt;/div&gt;&lt;!-- SC_ON --&gt;",,confidence,,,False,False,False,False,False,[],[],False,19744c56-d246-11e2-a879-12313d2c1c24,False,False,False,,False,,,,t5_2xinb,,,#2d4351,evfhmx,True,,monkey616,,14,True,all_ads,False,[],False,,/r/OutOfTheLoop/comments/evfhmx/whats_going_on_with_the_book_american_dirt/,all_ads,False,https://www.reddit.com/r/OutOfTheLoop/comments/evfhmx/whats_going_on_with_the_book_american_dirt/,1625741,1580261194.0,0,,False
,OutOfTheLoop,"This has been happening a week or so. The app says I have notifications but when i look there seems to be nothing new. 
[screenshot ](https://m.imgur.com/gallery/7Ut4TIh)",t2_2nertpoh,False,,0,False,What is up with the reddit app saying I have notifications but nothing new is really there?,"[{'a': ':answered:', 'e': 'emoji', 'u': 'https://emoji.redditmedia.com/lql05zf7ij221_t5_2xinb/answered'}, {'e': 'text', 't': ' Answered'}]",r/OutOfTheLoop,False,6,c,0,False,t3_ev91fb,False,light,,public,75,0,{},,False,[],,False,False,,{},:answered: Answered,False,75,,False,,False,,[],{},,True,,1580263652.0,richtext,6,,,text,self.OutOfTheLoop,False,"&lt;!-- SC_OFF --&gt;&lt;div class=""md""&gt;&lt;p&gt;This has been happening a week or so. The app says I have notifications but when i look there seems to be nothing new. 
&lt;a href=""https://m.imgur.com/gallery/7Ut4TIh""&gt;screenshot &lt;/a&gt;&lt;/p&gt;
&lt;/div&gt;&lt;!-- SC_ON --&gt;",,confidence,,,False,False,False,False,False,[],[],False,19744c56-d246-11e2-a879-12313d2c1c24,False,False,False,,False,,,,t5_2xinb,,,#2d4351,ev91fb,True,,stanford0518,,10,True,all_ads,False,[],False,,/r/OutOfTheLoop/comments/ev91fb/what_is_up_with_the_reddit_app_saying_i_have/,all_ads,False,https://www.reddit.com/r/OutOfTheLoop/comments/ev91fb/what_is_up_with_the_reddit_app_saying_i_have/,1625741,1580234852.0,0,,False
,OutOfTheLoop,https://en.globes.co.il/en/article-trump-unveils-the-deal-of-the-century-1001316519,t2_tbuvf,False,,0,False,what's going on with trump's 'the deal of the century'?,"[{'a': ':answered:', 'e': 'emoji', 'u': 'https://emoji.redditmedia.com/lql05zf7ij221_t5_2xinb/answered'}, {'e': 'text', 't': ' Answered'}]",r/OutOfTheLoop,False,6,c,0,False,t3_evirjm,False,light,,public,7,0,{},,False,[],,False,False,,{},:answered: Answered,False,7,,False,,False,,[],{},,True,,1580306230.0,richtext,6,,,text,self.OutOfTheLoop,False,"&lt;!-- SC_OFF --&gt;&lt;div class=""md""&gt;&lt;p&gt;&lt;a href=""https://en.globes.co.il/en/article-trump-unveils-the-deal-of-the-century-1001316519""&gt;https://en.globes.co.il/en/article-trump-unveils-the-deal-of-the-century-1001316519&lt;/a&gt;&lt;/p&gt;
&lt;/div&gt;&lt;!-- SC_ON --&gt;",,confidence,,,False,False,False,False,False,[],[],False,19744c56-d246-11e2-a879-12313d2c1c24,False,False,False,,False,,,,t5_2xinb,,,#2d4351,evirjm,True,,putzu_mutzu,,9,True,all_ads,False,[],False,,/r/OutOfTheLoop/comments/evirjm/whats_going_on_with_trumps_the_deal_of_the_century/,all_ads,False,https://www.reddit.com/r/OutOfTheLoop/comments/evirjm/whats_going_on_with_trumps_the_deal_of_the_century/,1625741,1580277430.0,0,,False
,OutOfTheLoop,"Reference below but basically this is not the first time today I saw something about it but why is this suddenly being talked about it’s been the case for a long time 


https://www.reddit.com/r/ChapoTrapHouse/comments/ev9pcf/just_a_newer_spicer_take_for_this_upcoming/",t2_1ve09mz,False,,0,False,Why are people talking about this whole prisoners not voting?,"[{'a': ':answered:', 'e': 'emoji', 'u': 'https://emoji.redditmedia.com/lql05zf7ij221_t5_2xinb/answered'}, {'e': 'text', 't': ' Answered'}]",r/OutOfTheLoop,False,6,c,0,False,t3_evjsap,False,light,,public,5,0,{},,False,[],,False,False,,{},:answered: Answered,False,5,,False,,False,,[],{},,True,,1580312492.0,richtext,6,,,text,self.OutOfTheLoop,False,"&lt;!-- SC_OFF --&gt;&lt;div class=""md""&gt;&lt;p&gt;Reference below but basically this is not the first time today I saw something about it but why is this suddenly being talked about it’s been the case for a long time &lt;/p&gt;

&lt;p&gt;&lt;a href=""https://www.reddit.com/r/ChapoTrapHouse/comments/ev9pcf/just_a_newer_spicer_take_for_this_upcoming/""&gt;https://www.reddit.com/r/ChapoTrapHouse/comments/ev9pcf/just_a_newer_spicer_take_for_this_upcoming/&lt;/a&gt;&lt;/p&gt;
&lt;/div&gt;&lt;!-- SC_ON --&gt;",,confidence,,,False,False,False,False,False,[],[],False,19744c56-d246-11e2-a879-12313d2c1c24,False,False,False,,False,,,,t5_2xinb,,,#2d4351,evjsap,True,,cloud9surfing,,11,True,all_ads,False,[],False,,/r/OutOfTheLoop/comments/evjsap/why_are_people_talking_about_this_whole_prisoners/,all_ads,False,https://www.reddit.com/r/OutOfTheLoop/comments/evjsap/why_are_people_talking_about_this_whole_prisoners/,1625741,1580283692.0,0,,False
,OutOfTheLoop,"I've seen some threads on /r/doctorwho talking about the new season messing/rewriting canon, so what exactly is being changed in the series' canon?

Example of threads:
https://old.reddit.com/r/doctorwho/comments/ev208y/i_see_a_lot_of_people_complaining_about_the/
https://old.reddit.com/r/doctorwho/comments/ev6al7/were_turning_into_star_wars_fans/",t2_5bcd5,False,,0,False,What's the deal with the new season of Doctor Who messing with canon?,"[{'a': ':question:', 'e': 'emoji', 'u': 'https://emoji.redditmedia.com/geschjt6ij221_t5_2xinb/question'}, {'e': 'text', 't': ' Unanswered'}]",r/OutOfTheLoop,False,6,flair z,0,False,t3_evah66,False,light,,public,42,0,{},,False,[],,False,False,,{},:question: Unanswered,False,42,,False,,False,,[],{},,True,,1580269684.0,richtext,6,,,text,self.OutOfTheLoop,False,"&lt;!-- SC_OFF --&gt;&lt;div class=""md""&gt;&lt;p&gt;I&amp;#39;ve seen some threads on &lt;a href=""/r/doctorwho""&gt;/r/doctorwho&lt;/a&gt; talking about the new season messing/rewriting canon, so what exactly is being changed in the series&amp;#39; canon?&lt;/p&gt;

&lt;p&gt;Example of threads:
&lt;a href=""https://old.reddit.com/r/doctorwho/comments/ev208y/i_see_a_lot_of_people_complaining_about_the/""&gt;https://old.reddit.com/r/doctorwho/comments/ev208y/i_see_a_lot_of_people_complaining_about_the/&lt;/a&gt;
&lt;a href=""https://old.reddit.com/r/doctorwho/comments/ev6al7/were_turning_into_star_wars_fans/""&gt;https://old.reddit.com/r/doctorwho/comments/ev6al7/were_turning_into_star_wars_fans/&lt;/a&gt;&lt;/p&gt;
&lt;/div&gt;&lt;!-- SC_ON --&gt;",,confidence,,,False,False,False,False,False,[],[],False,2ef3746c-d246-11e2-be2c-12313d163d8f,False,False,False,,False,,,,t5_2xinb,,,#9a5259,evah66,True,,MidoriDesutoroi,,41,True,all_ads,False,[],False,,/r/OutOfTheLoop/comments/evah66/whats_the_deal_with_the_new_season_of_doctor_who/,all_ads,False,https://www.reddit.com/r/OutOfTheLoop/comments/evah66/whats_the_deal_with_the_new_season_of_doctor_who/,1625741,1580240884.0,0,,False
,OutOfTheLoop,"How come people seem to hate her so, has she done anything or is her mer existence in this character offensive to some people?
[Captain Marvel Petition](https://amp.cinemablend.com/news/2489112/theres-a-new-petition-to-get-brie-larson-out-of-captain-marvel-because-of-course)",t2_2fq3an7i,False,,0,False,What is the deal with Brie Larson and Captain Marvel again?,"[{'a': ':answered:', 'e': 'emoji', 'u': 'https://emoji.redditmedia.com/lql05zf7ij221_t5_2xinb/answered'}, {'e': 'text', 't': ' Answered'}]",r/OutOfTheLoop,False,6,c,0,False,t3_eunbc8,False,light,,public,9244,0,{},,False,[],,False,False,,{},:answered: Answered,False,9244,,False,,False,,[],{},,True,,1580157229.0,richtext,6,,,text,self.OutOfTheLoop,True,"&lt;!-- SC_OFF --&gt;&lt;div class=""md""&gt;&lt;p&gt;How come people seem to hate her so, has she done anything or is her mer existence in this character offensive to some people?
&lt;a href=""https://amp.cinemablend.com/news/2489112/theres-a-new-petition-to-get-brie-larson-out-of-captain-marvel-because-of-course""&gt;Captain Marvel Petition&lt;/a&gt;&lt;/p&gt;
&lt;/div&gt;&lt;!-- SC_ON --&gt;",,confidence,,,False,False,False,False,False,[],[],False,19744c56-d246-11e2-a879-12313d2c1c24,False,False,False,,False,,,,t5_2xinb,,,#2d4351,eunbc8,True,,Father-Of-Marxism,,2621,True,all_ads,False,[],False,,/r/OutOfTheLoop/comments/eunbc8/what_is_the_deal_with_brie_larson_and_captain/,all_ads,False,https://www.reddit.com/r/OutOfTheLoop/comments/eunbc8/what_is_the_deal_with_brie_larson_and_captain/,1625741,1580128429.0,0,,False
,OutOfTheLoop,"Reading the comments concerning the recent Jamaican earthquake, a bunch of people listed off the natural disasters so far this year, and many mentioned ""locusts in Africa,"" such as in [this comment](https://old.reddit.com/r/worldnews/comments/evadyb/jamaica_hit_by_77_magnitude_earthquake/ffuizlh/). I haven't heard anything about this yet. How's that going for them? Not well, I imagine.",t2_q9dge,False,,0,False,What's going on with locusts in Africa?,"[{'a': ':answered:', 'e': 'emoji', 'u': 'https://emoji.redditmedia.com/lql05zf7ij221_t5_2xinb/answered'}, {'e': 'text', 't': ' Answered'}]",r/OutOfTheLoop,False,6,c,0,False,t3_evfb2n,False,light,,public,5,0,{},,False,[],,False,False,,{},:answered: Answered,False,5,,False,,False,,[],{},,True,,1580289198.0,richtext,6,,,text,self.OutOfTheLoop,False,"&lt;!-- SC_OFF --&gt;&lt;div class=""md""&gt;&lt;p&gt;Reading the comments concerning the recent Jamaican earthquake, a bunch of people listed off the natural disasters so far this year, and many mentioned &amp;quot;locusts in Africa,&amp;quot; such as in &lt;a href=""https://old.reddit.com/r/worldnews/comments/evadyb/jamaica_hit_by_77_magnitude_earthquake/ffuizlh/""&gt;this comment&lt;/a&gt;. I haven&amp;#39;t heard anything about this yet. How&amp;#39;s that going for them? Not well, I imagine.&lt;/p&gt;
&lt;/div&gt;&lt;!-- SC_ON --&gt;",,confidence,,,False,False,False,False,False,[],[],False,19744c56-d246-11e2-a879-12313d2c1c24,False,False,False,,False,,,,t5_2xinb,,,#2d4351,evfb2n,True,,SirGrantly,,4,True,all_ads,False,[],False,,/r/OutOfTheLoop/comments/evfb2n/whats_going_on_with_locusts_in_africa/,all_ads,False,https://www.reddit.com/r/OutOfTheLoop/comments/evfb2n/whats_going_on_with_locusts_in_africa/,1625741,1580260398.0,0,,False
,OutOfTheLoop,"So I'm aware that, despite its huge success, it's simultaneously hated by many left-leaning people for supposedly being about an angry white man or white privilege or something, but I don't understand why.

Yes, he is a white character, but so are many other characters in similar type movies like this. Falling Down is the first example that pops in my head.

But I still don't understand the relevancy of him being white or why that's a problem.

What about films like Man On Fire? Is that a film about angry black men, and even if it is, would that also be a problem?

I'm not sure I understand what the issue is with race with the Joker film in particular.

https://www.vulture.com/2020/01/watch-snl-white-male-rage-video.html

EDIT:

Its says there are 15 comments on this thread, yet I can only see a few of them.  What's going on?",t2_1m8s07p5,False,,0,False,What is going on with the Joker movie character being accused of being an angry white male?,"[{'a': ':question:', 'e': 'emoji', 'u': 'https://emoji.redditmedia.com/geschjt6ij221_t5_2xinb/question'}, {'e': 'text', 't': ' Unanswered '}]",r/OutOfTheLoop,False,6,a,0,False,t3_evdadg,False,light,,public,11,0,{},,False,[],,False,False,,{},:question: Unanswered ,False,11,,False,,1580313242.0,,[],{},,True,,1580280899.0,richtext,6,,,text,self.OutOfTheLoop,False,"&lt;!-- SC_OFF --&gt;&lt;div class=""md""&gt;&lt;p&gt;So I&amp;#39;m aware that, despite its huge success, it&amp;#39;s simultaneously hated by many left-leaning people for supposedly being about an angry white man or white privilege or something, but I don&amp;#39;t understand why.&lt;/p&gt;

&lt;p&gt;Yes, he is a white character, but so are many other characters in similar type movies like this. Falling Down is the first example that pops in my head.&lt;/p&gt;

&lt;p&gt;But I still don&amp;#39;t understand the relevancy of him being white or why that&amp;#39;s a problem.&lt;/p&gt;

&lt;p&gt;What about films like Man On Fire? Is that a film about angry black men, and even if it is, would that also be a problem?&lt;/p&gt;

&lt;p&gt;I&amp;#39;m not sure I understand what the issue is with race with the Joker film in particular.&lt;/p&gt;

&lt;p&gt;&lt;a href=""https://www.vulture.com/2020/01/watch-snl-white-male-rage-video.html""&gt;https://www.vulture.com/2020/01/watch-snl-white-male-rage-video.html&lt;/a&gt;&lt;/p&gt;

&lt;p&gt;EDIT:&lt;/p&gt;

&lt;p&gt;Its says there are 15 comments on this thread, yet I can only see a few of them.  What&amp;#39;s going on?&lt;/p&gt;
&lt;/div&gt;&lt;!-- SC_ON --&gt;",,confidence,,,False,False,False,False,False,[],[],False,2ef3746c-d246-11e2-be2c-12313d163d8f,False,False,False,,False,,,,t5_2xinb,,,#9a5259,evdadg,True,,writteninlilac,,24,True,all_ads,False,[],False,,/r/OutOfTheLoop/comments/evdadg/what_is_going_on_with_the_joker_movie_character/,all_ads,False,https://www.reddit.com/r/OutOfTheLoop/comments/evdadg/what_is_going_on_with_the_joker_movie_character/,1625741,1580252099.0,0,,False
,OutOfTheLoop,"I stumbled upon [r/SecretZooLevel](https://www.reddit.com/r/SecretZooLevel/) through Reddit’s suggestions and it has people talking about hidden codes, ‘cease and desist letters’, and video games. The reddit is over a year old and I was wondering if any of you had a proper explanation and timeline of events.",t2_j6a6uuh,False,,0,False,What is the deal with r/SecretZooLevel and what is it about?,"[{'a': ':question:', 'e': 'emoji', 'u': 'https://emoji.redditmedia.com/geschjt6ij221_t5_2xinb/question'}, {'e': 'text', 't': ' Unanswered '}]",r/OutOfTheLoop,False,6,a,0,False,t3_ev9lqy,False,light,,public,17,0,{},,False,[],,False,False,,{},:question: Unanswered ,False,17,,False,,False,,[],{},,True,,1580266012.0,richtext,6,,,text,self.OutOfTheLoop,False,"&lt;!-- SC_OFF --&gt;&lt;div class=""md""&gt;&lt;p&gt;I stumbled upon &lt;a href=""https://www.reddit.com/r/SecretZooLevel/""&gt;r/SecretZooLevel&lt;/a&gt; through Reddit’s suggestions and it has people talking about hidden codes, ‘cease and desist letters’, and video games. The reddit is over a year old and I was wondering if any of you had a proper explanation and timeline of events.&lt;/p&gt;
&lt;/div&gt;&lt;!-- SC_ON --&gt;",,confidence,,,False,False,False,False,False,[],[],False,2ef3746c-d246-11e2-be2c-12313d163d8f,False,False,False,,False,,,,t5_2xinb,,,#9a5259,ev9lqy,True,,adarknessofwhite,,13,True,all_ads,False,[],False,,/r/OutOfTheLoop/comments/ev9lqy/what_is_the_deal_with_rsecretzoolevel_and_what_is/,all_ads,False,https://www.reddit.com/r/OutOfTheLoop/comments/ev9lqy/what_is_the_deal_with_rsecretzoolevel_and_what_is/,1625741,1580237212.0,0,,False
,OutOfTheLoop,"[I saw this tweet](https://twitter.com/anshelpfeffer/status/1222124795195805696?s=21) and I tried to extract relevant information, but I can’t seem to understand what he’s being indicted for and what repercussions this has on the world stage.",t2_3ff49a7n,False,,0,False,What’s going on with Israel and Netanyahu being indicted?,"[{'a': ':answered:', 'e': 'emoji', 'u': 'https://emoji.redditmedia.com/lql05zf7ij221_t5_2xinb/answered'}, {'e': 'text', 't': ' Answered'}]",r/OutOfTheLoop,False,6,c,0,False,t3_ev6k2w,False,light,,public,26,0,{},,False,[],,False,False,,{},:answered: Answered,False,26,,False,,False,,[],{},,True,,1580251957.0,richtext,6,,,text,self.OutOfTheLoop,False,"&lt;!-- SC_OFF --&gt;&lt;div class=""md""&gt;&lt;p&gt;&lt;a href=""https://twitter.com/anshelpfeffer/status/1222124795195805696?s=21""&gt;I saw this tweet&lt;/a&gt; and I tried to extract relevant information, but I can’t seem to understand what he’s being indicted for and what repercussions this has on the world stage.&lt;/p&gt;
&lt;/div&gt;&lt;!-- SC_ON --&gt;",,confidence,,,False,False,False,False,False,[],[],False,19744c56-d246-11e2-a879-12313d2c1c24,False,False,False,,False,,,,t5_2xinb,,,#2d4351,ev6k2w,True,,eighteennorth,,7,True,all_ads,False,[],False,,/r/OutOfTheLoop/comments/ev6k2w/whats_going_on_with_israel_and_netanyahu_being/,all_ads,False,https://www.reddit.com/r/OutOfTheLoop/comments/ev6k2w/whats_going_on_with_israel_and_netanyahu_being/,1625741,1580223157.0,0,,False
,OutOfTheLoop,"I keep seeing references to the ""dollypartonchallenge"" pop up on facebook. There are four pictures of the same person/thing/character, labeled linkedin, facebook, instagram, tinder (see an example from reddit below). I have no idea what the joke is. Could someone take pity and enlighten me?  


  
 [https://www.reddit.com/r/memes/comments/etsbii/palpatinedarth\_sidious\_join\_the\_dollyparton/](https://www.reddit.com/r/memes/comments/etsbii/palpatinedarth_sidious_join_the_dollyparton/)",t2_3gwoq01s,False,,0,False,What is the deal with the dolly parton challenge?,"[{'a': ':answered:', 'e': 'emoji', 'u': 'https://emoji.redditmedia.com/lql05zf7ij221_t5_2xinb/answered'}, {'e': 'text', 't': ' Answered'}]",r/OutOfTheLoop,False,6,c,0,False,t3_ev4t05,False,light,,public,41,0,{},,False,[],,False,False,,{},:answered: Answered,False,41,,False,,False,,[],{},,True,,1580242353.0,richtext,6,,,text,self.OutOfTheLoop,False,"&lt;!-- SC_OFF --&gt;&lt;div class=""md""&gt;&lt;p&gt;I keep seeing references to the &amp;quot;dollypartonchallenge&amp;quot; pop up on facebook. There are four pictures of the same person/thing/character, labeled linkedin, facebook, instagram, tinder (see an example from reddit below). I have no idea what the joke is. Could someone take pity and enlighten me?  &lt;/p&gt;

&lt;p&gt;&lt;a href=""https://www.reddit.com/r/memes/comments/etsbii/palpatinedarth_sidious_join_the_dollyparton/""&gt;https://www.reddit.com/r/memes/comments/etsbii/palpatinedarth_sidious_join_the_dollyparton/&lt;/a&gt;&lt;/p&gt;
&lt;/div&gt;&lt;!-- SC_ON --&gt;",,confidence,,,False,False,False,False,False,[],[],False,19744c56-d246-11e2-a879-12313d2c1c24,False,False,False,,False,,,,t5_2xinb,,,#2d4351,ev4t05,True,,absitnomen,,7,True,all_ads,False,[],False,,/r/OutOfTheLoop/comments/ev4t05/what_is_the_deal_with_the_dolly_parton_challenge/,all_ads,False,https://www.reddit.com/r/OutOfTheLoop/comments/ev4t05/what_is_the_deal_with_the_dolly_parton_challenge/,1625741,1580213553.0,0,,False
,OutOfTheLoop,"It seems to be something to do with this tweet...

https://twitter.com/terrycrews/status/1221849219528417281

I'm curious what the context is.",t2_fn2ed,False,,0,False,What is going on with Twitter being mad at Terry Crews?,"[{'a': ':answered:', 'e': 'emoji', 'u': 'https://emoji.redditmedia.com/lql05zf7ij221_t5_2xinb/answered'}, {'e': 'text', 't': ' Answered'}]",r/OutOfTheLoop,False,6,c,0,False,t3_euxa93,False,light,,public,348,0,{},,False,[],,False,False,,{},:answered: Answered,False,348,,False,,False,,[],{},,True,,1580199439.0,richtext,6,,,text,self.OutOfTheLoop,False,"&lt;!-- SC_OFF --&gt;&lt;div class=""md""&gt;&lt;p&gt;It seems to be something to do with this tweet...&lt;/p&gt;

&lt;p&gt;&lt;a href=""https://twitter.com/terrycrews/status/1221849219528417281""&gt;https://twitter.com/terrycrews/status/1221849219528417281&lt;/a&gt;&lt;/p&gt;

&lt;p&gt;I&amp;#39;m curious what the context is.&lt;/p&gt;
&lt;/div&gt;&lt;!-- SC_ON --&gt;",,confidence,,,False,False,False,False,False,[],[],False,19744c56-d246-11e2-a879-12313d2c1c24,False,False,False,,False,,,,t5_2xinb,,,#2d4351,euxa93,True,,camobit,,164,False,all_ads,False,[],False,,/r/OutOfTheLoop/comments/euxa93/what_is_going_on_with_twitter_being_mad_at_terry/,all_ads,False,https://www.reddit.com/r/OutOfTheLoop/comments/euxa93/what_is_going_on_with_twitter_being_mad_at_terry/,1625741,1580170639.0,0,,False
